BrowLowererL,BrowLowererR,CheekPuffL,CheekPuffR,CheekRaiserL,CheekRaiserR,CheekSuckL,CheekSuckR,ChinRaiserB,ChinRaiserT,DimplerL,DimplerR,EyesClosedL,EyesClosedR,EyesLookDownL,EyesLookDownR,EyesLookLeftL,EyesLookLeftR,EyesLookRightL,EyesLookRightR,EyesLookUpL,EyesLookUpR,InnerBrowRaiserL,InnerBrowRaiserR,JawDrop,JawSidewaysLeft,JawSidewaysRight,JawThrust,LidTightenerL,LidTightenerR,LipCornerDepressorL,LipCornerDepressorR,LipCornerPullerL,LipCornerPullerR,LipFunnelerLB,LipFunnelerLT,LipFunnelerRB,LipFunnelerRT,LipPressorL,LipPressorR,LipPuckerL,LipPuckerR,LipStretcherL,LipStretcherR,LipSuckLB,LipSuckLT,LipSuckRB,LipSuckRT,LipTightenerL,LipTightenerR,LipsToward,LowerLipDepressorL,LowerLipDepressorR,MouthLeft,MouthRight,NoseWrinklerL,NoseWrinklerR,OuterBrowRaiserL,OuterBrowRaiserR,UpperLidRaiserL,UpperLidRaiserR,UpperLipRaiserL,UpperLipRaiserR,Emotion
2.424366E-07,1.03242E-16,1.322483E-29,0.01086564,0.8021731,0.7795948,0,0,0,0.1057466,0.3814663,0.3836514,0.007234944,6.53658E-12,0,0,0,0,0.1902244,0.1044007,0.02141996,0.0215454,0.0001805641,0.004939314,0.06722916,6.498656E-25,0.01086564,0.01086564,0.25671,0.2048512,0.01086564,0.01086564,0.7063073,0.7286392,0,0.001264295,0,1.535554E-38,0,0,1.217406E-40,3.41076E-42,0.1201275,0.1458099,0.2402174,0.2334464,0.1898775,0.2126249,1.401298E-45,1.401298E-45,0.02984797,0.4575215,0.4527716,6.506252E-05,0,0.01086564,9.198502E-21,0.0001542791,0.02040001,0.03950607,0.05319155,0.421583,0.4038692,Happy
0.4209765,0.3393051,1.606314E-29,1.401298E-45,0.09467687,0.03840181,0,0,0.1017133,0.06621873,1.401298E-45,1.401298E-45,2.238854E-11,5.642213E-26,0,0,0,0,0.2098379,0.1241202,0.01884748,0.01897258,0.2933502,0.243528,0.01086564,0.01086564,1.565008E-18,1.401298E-45,0.006978097,0.02032771,0.5002182,0.4631316,1.401298E-45,1.401298E-45,0,0.02705964,0,0.02702247,0,0,4.365525E-11,1.67275E-08,0.06816046,0.07855724,1.401298E-45,1.401298E-45,0.009775069,1.401298E-45,0.01576679,0.007815586,0.02267668,1.401298E-45,1.401298E-45,1.401298E-45,0.0001127343,1.401298E-45,1.401298E-45,0.00602611,0.0207543,0.1090795,0.07037143,1.401298E-45,0.002668669,Sad
0.915467,0.8950842,6.465304E-22,0.002481116,0.1657819,0.1161373,0,0,0.01186946,0.01782308,1.401298E-45,1.401298E-45,0.1112734,0.07320347,0,0,0,0,0.1628524,0.07602276,0.2975886,0.2990023,0.1203941,0.1185328,5.072017E-05,0.010851,0.01079305,1.163486E-21,0.3974035,0.457599,0.08716513,0.09137663,1.637461E-27,1.271425E-27,1.209831E-20,0.01086564,1.462083E-20,0.01086564,8.243869E-26,7.890529E-26,0.05614372,0.05664736,0.01081797,0.003097495,7.448033E-34,1.151532E-20,0.008833239,1.161689E-20,0.1346748,0.1068012,0.02126115,1.401298E-45,1.401298E-45,0.0003462366,6.126661E-26,0.01131958,0.02004099,6.411975E-22,6.367666E-22,0.1803172,0.2589335,1.089247E-20,0.006427071,Mad
0.2541894,0.2289902,0.01086564,0.01086564,0.08064012,0.05073861,0,0,5.82461E-36,0.02716411,1.401298E-45,1.401298E-45,1.401298E-45,1.132249E-42,0,1.125243E-42,0,0,0.2082559,0.1224978,0,0,0.09722854,0.2055389,0.2900435,0.01086564,0.01086564,0.07480095,0.0004794552,0.1836844,0.02350734,0.01086564,1.401298E-45,1.401298E-45,0.009378168,0.1119574,0.01056256,0.1127803,1.401298E-45,1.401298E-45,0.1667829,0.1667728,1.401298E-45,1.401298E-45,3.201336E-06,1.401298E-45,0.01086564,1.401298E-45,0.07069814,0.05266282,0.05566209,1.401298E-45,1.401298E-45,1.401298E-45,1.401298E-45,1.401298E-45,1.296822E-36,0.1220552,0.1065802,0.6031733,0.6469292,1.401298E-45,3.443065E-19,Anxious
0.04559553,0.02311441,1.401298E-45,1.401298E-45,0.4530241,0.4401055,0,0,0.01086564,0.02145696,0.1743276,0.1805349,6.934189E-20,2.522337E-44,0,0,0,0,0.216241,0.1305212,0.06558567,0.06603768,0.01505117,0.001278782,0.02951739,1.401298E-45,0.01086564,0.002896158,0.06973749,0.004985657,0.01086577,0.009303351,0.3703171,0.3933199,1.401298E-45,4.961437E-41,1.401298E-45,4.937896E-41,1.401298E-45,1.401298E-45,5.362496E-23,7.203235E-40,0.02716411,0.02716411,0.1929506,0.1329314,0.1544043,0.1097591,1.401298E-45,1.401298E-45,0.0525009,1.401298E-45,1.780647E-39,0.01086564,9.62655E-08,0.001958696,1.401298E-45,0.02155399,0.008146622,0.07020235,0.159615,0.1671524,0.1677853,Happy
0.7041835,0.6344225,1.758912E-28,1.401298E-45,0.1282431,0.06759961,0,0,0.1323413,0.09364849,1.401298E-45,1.401298E-45,1.264948E-29,1.681558E-44,0,0,0,0,0.1557534,0.06967609,0.1032221,0.1036846,0.6121662,0.5712197,0.01086564,0.01086564,0.01086564,0.002484233,0.002289376,0.001537435,0.5640133,0.5378226,1.401298E-45,1.401298E-45,1.401298E-45,0.02810818,1.401298E-45,0.02716414,1.401298E-45,1.401298E-45,0.01395494,0.02106984,0.06564662,0.0766097,1.401298E-45,1.401298E-45,7.70768E-05,1.401298E-45,0.06821066,0.05690957,0.02306834,1.401298E-45,1.401298E-45,1.982385E-14,0.002386977,1.401298E-45,2.047467E-13,0.2721166,0.2388971,0.4555342,0.5208578,1.401298E-45,5.941294E-28,Sad
0.391682,0.397504,3.309324E-18,9.467919E-19,0.1534323,0.104729,0,0,4.663495E-30,0.06555925,1.401298E-45,1.904351E-34,7.176801E-11,0,7.176801E-11,2.312767E-25,0,0,0.2054983,0.1197597,0,0,0.0003733417,7.636349E-05,0.3919285,4.515808E-30,9.877816E-21,0.04184902,0.2112317,0.1098709,0.0309018,0.02137889,6.829038E-30,1.904351E-34,3.030342E-30,7.921418E-05,1.990702E-30,4.843927E-18,1.325841E-31,1.325841E-31,0.007389139,6.699647E-18,1.187189E-30,0.01086564,0.02727036,1.904351E-34,0.02727387,9.775838E-30,1.059962E-21,6.567441E-16,0.03311381,3.919405E-18,2.705613E-17,7.521318E-30,1.401298E-45,1.088653E-05,4.860383E-11,0.0006690487,0.000687888,0.216025,0.3515853,1.886274E-05,0.01078727,Mad
0.00372421,0.02762788,0.01086564,0.01086564,0.06824267,0.05498537,0,0,3.487308E-31,0.02714135,6.790286E-32,7.033246E-33,1.305899E-37,0,1.663859E-37,3.579602E-38,0,0,0.2292207,0.1435282,0,0,7.670297E-07,7.817438E-07,0.2907805,0.01086563,0.01086456,0.07347387,0.004023385,0.04031725,0.01631169,0.01086564,4.608649E-29,4.015615E-29,0.007314918,0.1023347,0.007202587,0.101975,7.603654E-28,7.895275E-28,0.1170886,0.1250396,4.98276E-27,1.149856E-20,0.001271801,3.011162E-27,0.01086564,2.115719E-27,0.0292612,0.02298143,0.03798359,0.0004914998,0.008579081,5.510088E-28,4.001144E-28,1.401298E-45,1.004121E-26,0.04858183,0.03516985,0.625752,0.5409228,1.915123E-29,1.672689E-08,Anxious
0.01182834,0.03559289,1.401298E-45,1.401298E-45,0.306141,0.29549,0,0,1.401298E-45,0.01637214,0.09731551,0.102157,1.896942E-08,0,1.896942E-08,2.340677E-15,0,0,0.2263877,0.1407441,0,0,1.285957E-31,1.310626E-31,0.01086564,1.401298E-45,0.00696908,0.0002178558,0.0003856549,0.003622843,0.01086564,0.001636954,0.2838924,0.2963573,1.401298E-45,8.27747E-42,1.401298E-45,6.447374E-42,1.401298E-45,1.401298E-45,1.09035E-41,1.559925E-41,0.02716411,0.02716395,0.130944,0.1025079,0.09623151,0.08327898,1.401298E-45,1.401298E-45,0.03440761,2.94396E-40,2.463142E-39,0.009359965,1.401298E-45,2.274986E-25,1.401298E-45,7.579479E-24,9.427707E-26,1.401298E-45,0.02086324,0.1491609,0.1363099,Happy
0.5619279,0.5512358,0.01079565,2.401077E-30,0.1241663,0.07888705,0,0,0.2370777,0.1955711,3.052778E-34,1.998167E-34,7.396305E-12,0,7.396329E-12,2.439686E-17,0,0,0.1931885,0.1073783,0,0,0.2745307,0.258317,0.02951117,0.01086564,0.01086564,0.002650925,0.08230447,0.1812911,0.7995703,0.7736407,1.863429E-36,1.655482E-36,1.401298E-45,0.03802576,1.401298E-45,0.03532917,1.401298E-45,1.401298E-45,0.01086564,0.02490353,0.1080307,0.1228817,5.225093E-36,0.001101883,0.01081592,3.836648E-35,0.04467449,0.03799993,0.03375709,1.401298E-45,1.401298E-45,0.00023808,0.009350806,2.580889E-33,0.01062356,5.220631E-06,0.004684182,0.01791635,0.09900181,1.246492E-36,1.350276E-32,Sad
0.4862314,0.4665947,1.029236E-16,9.507848E-20,0.2894232,0.2137835,0,0,0.0291865,0.1448874,8.030173E-32,0.001610966,0.02133332,1.301692E-16,0,0,0,0,0.1796729,0.09368733,0.1078413,0.1084273,0.007521565,0.002221564,0.2895656,5.380001E-13,0.01049765,0.02205069,0.443753,0.229301,0.162458,0.1358524,2.585124E-31,8.128273E-36,1.401298E-45,0.002620332,1.401298E-45,6.734049E-13,2.832349E-14,2.092003E-14,0.01086564,0.0003418655,0.01086564,0.01086565,0.08650987,1.447084E-14,0.08771507,4.283565E-14,3.022375E-07,3.725933E-13,0.03795932,1.508237E-39,2.850623E-25,0.01074088,3.447075E-15,0.3420271,0.2984585,4.894307E-18,4.116752E-18,0.1879866,0.2787683,0.1022987,0.07527597,Mad
0.2674891,0.2506234,1.743215E-42,4.203895E-45,0.1335031,0.0951967,4.441126E-34,0,0.07003812,0.07852559,9.418274E-21,1.382301E-14,0.001692197,1.401298E-45,0.001692193,0,0,0,0.2406368,0.1551138,0,0,0.1166763,0.08966409,0.2602516,5.431018E-29,3.77047E-12,0.02340701,0.05089768,0.06068313,0.08538365,0.05361285,3.984897E-21,1.059452E-09,1.401298E-45,2.044765E-29,1.401298E-45,1.401298E-45,0.009925285,0.009925295,0.01102458,0.01099612,0.01086564,0.001076324,0.2896239,0.02282198,0.2894773,0.02740221,9.949839E-05,2.270952E-09,0.1939892,5.605194E-45,4.203895E-45,0.01086564,0.00709905,1.962557E-19,4.673311E-09,2.050467E-07,0.01483042,0.0502598,0.2804762,0.01217042,0.01738538,Anxious
1.558626E-06,2.299367E-06,1.134998E-08,1.205842E-05,0.1520363,0.1380364,1.401298E-45,0,2.810429E-06,0.1184308,0.1230446,0.1331703,0.05535708,0.05737387,0,0,0,0,0.1224669,0.03629134,0.09792271,0.0982317,0.07096968,0.09447961,0.1080922,1.401298E-45,0.0005174936,0.02181041,0.06551795,0.01979962,0.007831206,1.852037E-08,0.0395043,0.03814799,1.401298E-45,6.602275E-09,7.589512E-08,1.970538E-07,1.401298E-45,1.401298E-45,1.401298E-45,1.401298E-45,0.01273223,0.01616377,0.07933636,0.01359255,0.05860204,0.01101652,1.401298E-45,1.401298E-45,0.02758384,0.05386643,0.03808945,0.0006724094,1.401298E-45,0.0003320714,0.0002773496,0.08958621,0.0952483,1.112408E-05,8.909274E-06,0.1875318,0.1986219,Happy
0.3426794,0.2088949,0.004379901,4.925893E-25,0.1118211,0.04189622,1.401298E-45,0,0.2656433,0.2152551,4.210552E-34,5.323145E-34,3.983117E-07,0,3.983117E-07,1.518648E-27,0,0,0.4201085,0.3361312,0,0,0.4333816,0.3446209,0.04806425,0.01086564,0.01086564,0.01576624,0.07176136,3.968758E-17,0.7631922,0.7382462,2.681936E-34,4.998768E-34,1.401298E-45,0.02689622,1.401298E-45,0.02289185,1.401298E-45,1.401298E-45,0.02977603,0.03703281,0.08735593,0.09902955,0.0001036472,0.0011068,0.01084612,1.961375E-31,0.07992631,0.06744507,0.05212379,2.249217E-29,2.640793E-29,0.002485698,0.009500968,1.350485E-19,0.001646315,0.2108554,0.1770671,0.5681747,0.2178559,6.138195E-34,5.220444E-33,Sad
0.005055235,0.02438872,0.003137742,0.00248574,0.2122249,0.1442724,1.401298E-45,0,0.01102075,0.3955195,0.01086564,0.01101112,0.2333719,0.0270801,0,0,0,0,0.2410371,0.1554957,0.04606702,0.04642997,0.002165576,0.002130876,0.392074,0.01086564,0.007077115,0.03581031,0.5162601,0.1136112,0.01086564,2.598305E-13,0.01091611,0.005351979,1.401298E-45,2.326155E-43,1.401298E-45,2.326155E-43,1.401298E-45,1.401298E-45,0.01086564,0.008061756,0.01086564,0.01088908,0.1287046,0.02751595,0.127588,0.01514515,1.401298E-45,1.744476E-41,0.03260354,1.401298E-45,0.005490827,0.01086564,1.401298E-45,0.4725857,0.4455685,0.008200701,0.0003087701,1.87384E-24,1.172899E-21,0.5769572,0.5685945,Mad
0.000883465,0.004669582,0.01086564,0.01086564,0.07686208,0.0386234,2.408066E-27,0,1.401298E-45,0.01086564,2.791094E-26,1.177034E-26,1.401298E-45,1.401298E-45,0,0,0,0,0.2082088,0.1223853,0,0,0.3487828,0.3063871,0.3379821,0.01086564,0.01086564,0.1025942,0.00767967,1.304651E-14,0.01086564,0.01086564,4.066605E-36,3.105069E-34,0.001611654,0.114133,0.001643354,0.122111,4.945385E-39,4.497641E-39,0.144054,0.1440195,7.691743E-30,6.968721E-30,0.003683903,7.210802E-41,0.003110154,1.248543E-40,0.01086564,0.01054878,0.08764471,3.19867E-16,0.0007431977,1.617753E-30,9.680361E-33,3.300058E-42,1.34879E-36,0.2224617,0.2029945,0.5150085,0.4839079,4.198533E-25,1.459464E-08,Anxious
0.04647539,0.02002775,1.401298E-45,8.565013E-10,0.5907264,0.6038021,1.401298E-45,0,0.01091311,0.07605951,0.251346,0.279099,0.02695777,0,0.02693612,3.881719E-33,0,0,0.2599531,0.1745608,0,0,0.05821805,0.05435845,0.1029736,2.758171E-37,0.01086564,0.008577783,0.2781909,1.542612E-11,0.006457902,1.04424E-10,0.5307701,0.5701725,1.401298E-45,2.942727E-44,3.386697E-39,2.398835E-37,1.401298E-45,1.401298E-45,2.403752E-37,1.96879E-37,0.05383784,0.05432822,0.3174824,0.1259372,0.2636219,0.1032241,1.401298E-45,1.401298E-45,0.07632617,0.08852973,0.06395762,0.01086564,0.01086562,0.00211104,3.902548E-39,0.01663696,0.004221513,0.0245137,0.006270628,0.4148311,0.4473415,Happy
0.3354816,0.2915636,1.583422E-36,1.401298E-45,0.08628869,0.05341377,1.401298E-45,0,0.1563842,0.106073,1.401298E-45,1.401298E-45,2.98904E-22,3.155444E-30,3.406101E-22,4.17061E-23,0,0,0.1963452,0.1105506,0,0,0.1463837,0.109195,0.01086564,0.01086564,0.01086564,2.045896E-43,0.0003907794,0.0002788876,0.5546623,0.527852,1.401298E-45,1.401298E-45,1.401298E-45,0.05352394,1.401298E-45,0.05363768,1.401298E-45,1.401298E-45,0.01086564,0.01086668,0.06658813,0.07939699,2.101948E-44,1.401298E-45,0.006891731,1.401298E-45,0.0351101,0.03317207,0.01871253,4.203895E-44,8.547921E-44,1.401298E-45,0.007799709,1.355056E-42,1.401298E-45,1.667744E-19,8.432457E-21,0.02056735,0.0003986977,1.401298E-45,1.401298E-45,Sad
0.07819562,0.2975572,4.966481E-31,3.375043E-31,0.218713,0.1744851,1.401298E-45,0,0.02845844,0.2319728,0.001657678,0.01081278,0.1413571,0.02132962,0,0,0,0,0.239943,0.1544138,0.01284349,0.01294413,0.007994407,0.005090166,0.05558873,5.554188E-07,0.003749337,1.401298E-45,0.4646421,0.3567685,0.01087221,0.004940007,0.01086564,0.01084294,1.401298E-45,1.518535E-24,1.401298E-45,2.4024E-25,2.278247E-24,1.769324E-27,0.005526449,0.005994993,0.01086564,0.01086564,0.06938773,0.03074027,0.05839472,0.01476489,6.987199E-26,2.326759E-25,0.02678449,1.401298E-45,1.401298E-45,0.01086564,2.337748E-39,0.28837,0.267032,1.305636E-14,3.093248E-21,1.264047E-09,0.03707042,0.4195778,0.3849429,Mad
1.200753E-06,2.467599E-05,1.401298E-45,4.902237E-05,0.4395359,0.4074734,1.401298E-45,0,3.96504E-27,0.09684747,0.3216285,0.344627,0.2158518,0.06065214,0,0,0,0,0.1624383,0.07646093,0.05690182,0.05717202,0.008062597,0.002736135,0.1097633,1.401298E-45,0.002749713,4.962779E-10,0.7007657,0.4415367,0.01086565,0.01082712,0.1644174,0.1672517,1.401298E-45,1.078847E-16,1.277288E-17,3.092925E-16,1.401298E-45,2.633966E-24,1.881136E-18,6.085554E-35,0.05012444,0.0697303,0.2227151,0.1756335,0.1846271,0.150613,1.401298E-45,1.401298E-45,0.03563943,0.1177769,0.111245,0.01086564,1.578917E-36,0.02711946,0.01838462,4.508999E-14,1.105394E-09,0.003895205,0.0002721019,0.4711536,0.4504861,Anxious
0.01815846,0.03907137,1.401298E-45,3.572107E-29,0.2855289,0.2712452,1.401298E-45,0,3.562403E-10,0.03156361,0.1365075,0.1478311,1.158064E-13,0,1.158064E-13,5.775439E-24,0,0,0.1688288,0.08289465,0,0,0.000533679,0.004516064,0.02716411,7.982385E-30,0.001759664,2.265584E-33,3.635319E-08,0.0308013,0.006251516,1.178762E-08,0.261531,0.2710711,1.401298E-45,1.401298E-45,1.401298E-45,1.401298E-45,1.401298E-45,1.401298E-45,1.401298E-45,1.381886E-28,0.02893782,0.02785757,0.2007259,0.06963431,0.1612124,0.05506353,1.401298E-45,1.401298E-45,0.04569697,1.580249E-24,5.114795E-24,0.01086564,9.239444E-29,3.884281E-31,1.401298E-45,2.262561E-05,0.002912137,0.01392721,0.00658213,0.1763002,0.1655705,Happy
0.5516733,0.5634558,1.065305E-25,2.220889E-18,0.1246205,0.0818754,1.401298E-45,0,0.2096957,0.1494391,8.148101E-28,3.569518E-28,2.00244E-12,0,2.00244E-12,9.846914E-32,0,0,0.218835,0.1331533,0,0,0.2556966,0.2649254,0.03007933,0.01086564,0.01086564,2.508229E-25,0.1964272,0.1787453,0.6974797,0.6848767,1.6214E-30,1.374114E-30,1.401298E-45,0.05369314,1.401298E-45,0.0405278,1.401298E-45,1.401298E-45,0.01648443,0.03125491,0.09219357,0.1031241,2.660039E-19,1.401298E-45,0.007206665,1.401298E-45,0.05919349,0.05520897,0.03814562,1.94215E-27,1.87334E-27,0.001018679,0.01086564,8.038118E-20,8.894235E-06,0.004945284,0.009840035,0.05755175,0.201194,3.060563E-26,5.18187E-26,Sad
0.0001999281,0.001156296,1.206716E-15,1.401298E-45,0.240325,0.1792732,1.401298E-45,0,0.01086564,0.2230187,0.01086564,0.0146194,0.05193629,3.838035E-11,0,0,0,0,0.2697455,0.1843584,0.08664221,0.0874237,8.585573E-14,6.838792E-14,0.2969672,5.873555E-14,0.009811924,0.01250571,0.4479051,0.3089261,0.01201262,0.006361732,0.01086564,0.004859169,1.401298E-45,1.401298E-45,1.401298E-45,3.058894E-41,1.401298E-45,1.401298E-45,0.005840084,7.130501E-08,0.01086564,0.01150068,0.1152585,0.0002025462,0.1032042,0.003388033,1.401298E-45,1.401298E-45,0.03331536,1.164479E-42,3.664395E-42,0.01086564,4.791835E-15,0.3022785,0.2803075,1.429124E-24,1.084831E-13,0.05139841,0.0726805,0.3318563,0.3009673,Mad
0.02785693,0.006520079,1.093053E-32,1.681558E-44,0.09747613,0.0823051,1.401298E-45,0,0.01086565,0.05418405,0.1570799,0.1416777,1.401298E-45,1.401298E-45,0,0,0,0,0.2577168,0.1721928,0,0,0.0432972,0.02670684,0.0542443,4.002632E-11,0.01086564,6.310619E-05,1.369217E-13,1.09099E-07,0.4175291,0.3522974,0.1938318,0.2158493,1.401298E-45,4.825186E-27,1.401298E-45,7.770926E-39,1.401298E-45,1.401298E-45,1.287727E-37,2.101948E-44,0.9999982,0.9999959,0.1488445,0.002387158,0.12966,0.01025798,1.401298E-45,1.401298E-45,0.008729666,0.8355336,0.8420728,5.296038E-37,0.01086564,1.401298E-45,1.712173E-15,0.003125134,0.03229402,0.07899076,0.1576064,0.1648545,0.2116757,Anxious
0.0005194792,0.001467652,1.401298E-45,1.826152E-26,0.1550573,0.1471162,1.401298E-45,1.401298E-45,6.969864E-06,0.01134694,0.1283184,0.1486486,5.866815E-13,4.134761E-13,0,0,0.7938094,0.86977,0,0,0.3707145,0.3593035,0.0009930568,2.037834E-05,0.01103859,4.461248E-25,3.219381E-05,1.460575E-29,4.991458E-08,0.2478251,0.0005806799,2.641343E-23,0.1692214,0.1942731,0,1.401298E-45,1.401298E-45,3.134951E-25,0,0,1.047692E-25,5.224075E-26,0.01332881,0.02098663,0.1481704,0.0966198,0.1212169,0.07722719,6.878695E-27,7.664076E-27,0.03727255,6.875272E-31,1.100675E-30,6.383152E-06,8.407791E-45,2.272854E-29,0,5.383354E-05,2.147359E-05,0.5295988,0.6511844,0.1050818,0.1079984,Happy
0.250248,0.2384438,0.001646316,1.401298E-45,0.05461131,0.02795863,1.401298E-45,1.401298E-45,0.008714272,7.827445E-07,7.470322E-42,2.278511E-42,3.180408E-27,1.121039E-44,3.180408E-27,3.305663E-42,0,0,0.2051081,0.1193602,0,0,0.2877076,0.2657605,0.06206555,2.052949E-06,1.772913E-06,1.303027E-24,0.06749816,0.04588238,0.1213868,0.09688201,1.678615E-41,5.060089E-42,0,1.679982E-06,1.401298E-45,1.972227E-06,0,0,0.002475508,0.004105657,2.052949E-06,1.391512E-06,2.272389E-13,3.595592E-41,1.863532E-13,1.658409E-40,0.001543909,0.002003476,0.03795204,1.401298E-45,1.401298E-45,4.93435E-30,1.592316E-06,1.401298E-45,0,0.1791563,0.1468921,0.5290145,0.2224892,1.13281E-41,1.151825E-40,Sad
0.5812606,0.6823183,1.731036E-33,1.401298E-45,0.09592271,0.06265534,1.401298E-45,1.401298E-45,2.317888E-41,5.509379E-32,1.401298E-45,1.401298E-45,0.003046259,4.623252E-16,0,0,0,0,0.1788479,0.09022216,0.5190318,0.5218119,0.01697593,0.040814,0.01086564,5.748126E-42,3.703585E-36,6.804085E-32,0.417763,0.5654463,0.02428622,0.01086564,1.401298E-45,1.401298E-45,0,5.093518E-31,1.401298E-45,3.184593E-31,0,0,2.264996E-28,1.787112E-28,5.256188E-36,1.816595E-35,4.027017E-31,1.401298E-45,5.889834E-31,1.401298E-45,2.269242E-28,2.438665E-28,0.01901487,6.063914E-33,4.017731E-31,1.401298E-45,8.844996E-42,1.401298E-45,0,3.303449E-18,7.450455E-18,0.5581772,0.6162474,1.401298E-45,1.728437E-35,Mad
0.0005184963,0.02592583,0.00363996,0.003548477,0.03705373,0.01086697,1.401298E-45,1.401298E-45,8.535982E-11,0.02716411,4.305026E-27,7.250262E-27,1.770865E-19,1.401298E-45,1.770865E-19,0,0,0,0.4813365,0.3983981,0,0,4.022105E-08,3.511872E-10,0.3931154,1.206198E-06,0.003391484,0.03867512,0.02629781,0.006258267,0.01087159,0.01086564,4.837258E-26,1.401298E-45,5.594591E-07,0.02793492,5.594902E-07,0.03765304,0,0,0.04359635,0.04359502,6.963157E-26,8.959122E-26,0.05144753,1.946836E-28,0.03800759,2.798041E-28,0.01157202,0.01612201,0.03750355,1.401298E-45,6.514811E-06,1.000456E-27,1.008602E-21,1.401298E-45,0,0.002202294,3.522561E-09,0.377292,0.04460109,0.009935196,0.01086564,Anxious
7.60367E-06,0.004788196,1.401298E-45,4.203895E-45,0.3817678,0.3750739,1.401298E-45,1.401298E-45,0.02046568,0.0271649,0.2893513,0.3231003,0,8.067912E-19,2.100948E-19,1.016886E-18,0,0,0.1558031,0.06977293,0,0,5.034774E-11,0.003802969,0.01086564,1.78063E-41,0.01086564,2.135571E-36,0.02459703,0.04900579,0.00342042,2.70864E-30,0.4396968,0.4700247,1.401298E-45,1.149065E-43,1.401298E-45,8.407791E-44,0,0,3.781408E-27,3.646666E-27,0.03802991,0.05432834,0.200486,0.1279938,0.1614899,0.1130381,2.583994E-42,4.136633E-42,0.03588574,4.455329E-38,3.662495E-38,0.01086564,1.401298E-45,4.016775E-05,0,0.0002433379,0.0004349283,5.27247E-06,7.252867E-10,0.1732164,0.1366545,Happy
0.2706797,0.2442069,1.401298E-45,1.401298E-45,0.07104994,0.02654083,1.401298E-45,1.401298E-45,0.1402475,0.08865628,4.667725E-42,6.698207E-43,5.780306E-23,0,5.811068E-23,3.076155E-25,0,0,0.2047018,0.118918,0,0,0.2256605,0.1903903,0.02772211,0.01060755,0.002485756,1.401298E-45,7.598091E-38,2.54806E-17,0.5813265,0.5698864,1.045369E-42,9.486791E-43,1.401298E-45,0.01056828,1.401298E-45,0.007953009,0,0,9.220792E-25,0.005898179,0.06242595,0.07375794,1.007113E-41,2.966409E-41,0.01060942,1.519022E-40,0.01494477,0.01047669,0.03023853,1.401298E-45,1.401298E-45,2.793101E-37,0.01086564,1.499389E-43,0,0.01690635,0.0235434,1.198074E-14,2.161469E-15,3.287586E-41,6.580077E-41,Sad
0.61489,0.5917757,2.344075E-23,2.149334E-23,0.1234819,0.06784035,1.401298E-45,1.401298E-45,0.1291809,0.1017369,2.654963E-20,1.109869E-20,6.283703E-35,1.206328E-08,0,0,0,0,0.09109461,0.003201154,0.416362,0.4171427,0.0002146802,6.877832E-05,0.01706452,0.0005971964,1.09757E-05,7.568959E-11,0.3296877,0.2645223,0.1951094,0.1841834,2.459182E-19,9.00285E-20,1.401298E-45,0.0001324889,1.401298E-45,1.279138E-05,0,1.653097E-23,0.01086566,0.01086566,0.00237627,0.01084425,0.01058276,2.874761E-06,0.01086564,0.00926837,0.001906518,0.0007369669,0.02950928,1.401298E-45,1.401298E-45,0.0005054622,6.935373E-15,0.1972529,0.1703354,2.18233E-21,2.713352E-21,0.5149481,0.4518433,0.01718733,0.01698186,Mad
0.06616563,0.2241222,1.401298E-45,1.401298E-45,0.1275035,0.08170965,1.401298E-45,1.401298E-45,1.401298E-45,0.05435252,0.2204246,0.2214003,4.176139E-29,0,4.176143E-29,4.954419E-35,0,0,0.226018,0.1399467,0,0,0.04218321,1.446114E-14,0.06546716,1.401298E-45,0.01075844,0.001695531,0.08962922,0.09717532,0.03766578,0.02660082,0.1190298,0.1338427,1.401298E-45,1.401298E-45,1.401298E-45,1.401298E-45,0,1.401298E-45,1.401298E-45,1.401298E-45,0.5363222,0.5784241,0.173444,0.07587926,0.1516606,0.05890756,1.401298E-45,1.401298E-45,0.01625401,0.7458022,0.7692292,1.401298E-45,6.649126E-32,1.812875E-12,1.401298E-45,0.02733029,0.04289395,0.5036945,0.3907625,0.1596905,0.1888379,Anxious
2.165884E-16,2.019329E-05,1.500696E-35,0.001268992,0.9999999,0.9999999,1.401298E-45,1.401298E-45,1.401298E-45,0.2328143,0.6536321,0.6270149,0,9.582079E-42,9.163371E-41,1.012144E-40,0,0,0.1993512,0.1132539,0,0,0.1879144,0.2131524,0.382781,1.401298E-45,0.01086564,0.03208267,0.246366,0.4117182,0.01086564,0.01086564,0.9942805,0.9942826,1.401298E-45,0.01083995,1.401298E-45,2.2341E-06,0,9.822992E-07,0.00181393,1.401298E-45,0.1258167,0.130347,0.2568532,0.2068594,0.2001416,0.1955436,1.401298E-45,1.401298E-45,0.02332766,0.4998322,0.4747608,1.07706E-11,1.401298E-45,0.01086564,1.066835E-30,0.2086389,0.2690169,0.01778804,0.02162573,0.666851,0.6005753,Happy
0.2535897,0.2431848,0.008175902,2.802597E-45,0.07875109,0.02787677,1.401298E-45,1.401298E-45,0.2988073,0.2580374,1.401298E-45,1.401298E-45,0.001962099,0,0.001962098,1.177154E-13,0,0,0.1782731,0.09222411,0,0,0.3504874,0.2619188,0.01086564,0.01086564,0.01086564,0.01088869,8.690206E-05,6.97686E-10,1,1,1.401298E-45,1.401298E-45,1.401298E-45,0.03066139,1.401298E-45,0.02954867,0,1.401298E-45,0.01086564,0.02716281,0.1939172,0.2087135,7.042926E-42,1.401298E-45,0.01086564,1.401298E-45,0.07958421,0.07936431,0.01651264,1.401298E-45,1.401298E-45,0.002420329,1.463703E-14,1.401298E-45,1.401298E-45,0.0580008,0.06318187,5.184097E-29,2.684901E-29,1.401298E-45,7.565116E-12,Sad
0.9524722,0.9753405,1.401298E-45,1.401298E-45,0.09802676,0.06231146,1.401298E-45,1.401298E-45,0.01086564,0.01453135,1.401298E-45,1.401298E-45,2.940581E-20,0.000234707,0,0,0,0,0.1911677,0.1046065,0.2732682,0.2748754,0.1064535,0.1126375,0.01669999,0.007065251,3.562417E-10,3.035212E-42,0.291649,0.3912083,0.1964502,0.2044106,1.401298E-45,1.401298E-45,1.401298E-45,0.01086564,1.401298E-45,0.001641404,0,1.401298E-45,0.01369847,0.01380777,0.01086564,0.02031865,3.386938E-42,1.821688E-44,3.29976E-22,6.866362E-44,0.05733259,0.0412681,0.02948906,1.401298E-45,1.401298E-45,9.630386E-08,9.544798E-38,1.401298E-45,6.533221E-26,4.11666E-24,7.729303E-16,0.4216603,0.3704224,1.401298E-45,1.208771E-22,Mad
0.03832457,0.1102696,0.0001496184,0.0001643828,0.137623,0.06950915,1.401298E-45,1.401298E-45,0.0001786303,0.05384142,0.03793315,0.06047121,1.01459E-23,0,1.047E-23,3.240995E-25,0,0,0.2518149,0.1663588,0,0,0.03603455,0.02854105,0.3200523,1.005471E-14,0.0001112606,0.03816684,0.1694597,4.265543E-12,0.1118341,0.0843621,0.0009765376,0.01070278,1.401298E-45,2.452272E-43,1.401298E-45,2.045896E-43,6.320116E-07,6.320116E-07,5.400849E-07,6.110124E-07,0.03256009,0.04473681,0.08082991,3.788907E-08,0.08068498,3.607238E-08,2.151235E-06,3.503246E-44,0.03373525,0.01086467,0.01158441,3.557485E-07,3.108129E-07,0.01614388,0.008117388,0.1572751,0.1640086,0.513535,0.5755164,0.04951245,0.07475076,Anxious
5.669937E-22,6.895076E-17,4.265244E-14,1.586385E-14,0.5553174,0.500485,6.400873E-29,2.740863E-29,0.0246665,0.0380298,0.1583712,0.1483377,0.02418312,1.047544E-12,0,0,0,0,0.2251439,0.1394868,0.0584702,0.0588939,4.507174E-14,2.028354E-15,0.03801101,6.45727E-14,0.01086564,0.01086652,0.4016418,0.1153097,0.01086564,1.641062E-15,0.5047914,0.5047742,1.202876E-20,2.961986E-15,3.011267E-22,1.577591E-14,1.401298E-45,4.372829E-16,2.907316E-17,1.153311E-16,0.03802975,0.03548308,0.2477597,0.1488285,0.1706121,0.1305583,1.614799E-21,5.55304E-17,0.06669438,4.999352E-14,2.020141E-31,0.01089865,1.039787E-24,0.01086564,4.384478E-14,0.02560952,0.04510886,0.01072208,0.006234966,0.3274912,0.2516175,Happy
9.313298E-05,0.0004613631,0.01065755,0.01071477,0.02764479,0.001377425,1.401298E-45,1.401298E-45,0.1722196,0.1366442,3.046479E-38,2.653201E-38,0.0001878947,0.0001885354,0,0,0.8329878,0.9067531,0,0,0.1188447,0.1150419,0.001495905,0.0005941376,0.3567566,0.02666149,0.02715436,0.06836931,1.963287E-10,1.066879E-40,0.5060799,0.5057631,1.262232E-37,8.051239E-38,1.401298E-45,0.0252329,1.401298E-45,0.02500913,0.01133329,0.00547924,0.1290856,0.1491124,0.02776707,0.01885216,1.943739E-33,0.01083024,2.899627E-11,1.167747E-20,0.1053713,0.07449051,0.1760273,8.593482E-07,0.008929765,3.151396E-18,1.381686E-33,4.203895E-45,1.319934E-12,0.01897989,0.0303522,0.3448667,0.4660528,1.751384E-38,3.38543E-38,Sad
0.5012524,0.3601804,5.714495E-42,7.509708E-17,0.08973465,0.05480359,3.538842E-26,1.401298E-45,4.173916E-33,0.01060101,1.043911E-26,3.7975E-27,0,1.261087E-11,5.14395E-23,1.261087E-11,0,0,0.1455338,0.05950853,0,0,0.0001406507,6.27999E-16,0.03802975,0.01075421,0.01083037,7.056572E-19,0.08701152,3.678046E-14,0.02717024,0.02458983,1.401298E-45,1.401298E-45,1.401298E-45,0.02712587,1.401298E-45,0.02712132,9.997105E-34,9.997105E-34,0.02707261,0.02449114,6.689846E-10,1.768405E-10,0.01828984,1.346694E-28,0.01086564,3.595523E-29,0.07428066,0.06931867,0.03535582,4.498552E-26,2.198526E-26,2.955947E-33,6.879546E-33,1.401298E-45,1.401298E-45,5.759459E-15,3.341215E-14,0.01999204,0.04257179,9.807047E-18,1.258978E-09,Mad
0.1609071,0.06848443,0.01086563,0.01086559,0.06275737,0.04068519,4.327714E-36,3.704359E-36,0.0002164578,0.05972092,1.764131E-20,2.380923E-17,2.863311E-36,1.871309E-17,0,0,0,0,0.2225589,0.136919,0.009411695,0.009478932,0.7142758,0.7100671,0.3376408,0.01086564,0.01086564,0.05190931,0.04519293,6.047042E-16,0.0360053,0.01605353,7.49652E-37,1.465573E-28,1.401298E-45,0.1422133,1.401298E-45,0.1451436,1.401298E-45,1.401298E-45,0.0725315,0.08451186,2.113978E-23,0.01086564,0.04781311,6.352972E-35,0.03597742,1.581915E-34,0.005819514,0.005893759,0.05064418,0.01898447,0.01327521,3.783407E-32,7.457794E-36,1.401298E-45,1.401298E-45,0.5457675,0.6203209,0.4153207,0.3910582,1.731817E-13,0.0001463364,Anxious
0.001254426,0.02748382,2.548889E-29,0.00843416,0.8228314,0.8165525,1.401298E-45,1.401298E-45,3.084328E-40,0.1706796,0.5328075,0.5314308,1.081765E-27,2.176618E-30,0,0,0,0,0.2773852,0.1921029,0.05488387,0.05539561,0.04059293,0.0797186,0.2559575,1.401298E-45,0.01086564,0.02619763,0.1328608,0.01913836,0.01086564,0.01085637,0.7690266,0.7907294,1.401298E-45,0.003782534,1.401298E-45,1.588392E-35,1.401298E-45,1.401298E-45,1.401298E-45,1.401298E-45,0.09341179,0.09345713,0.2707309,0.2495929,0.2182604,0.2225744,1.401298E-45,1.401298E-45,0.03065142,0.49318,0.4786543,0.00344571,1.401298E-45,0.007738904,1.401298E-45,0.1039836,0.1126446,0.1429365,0.149044,0.4550307,0.4371506,Happy
0.2906047,0.2881156,2.779717E-18,1.021279E-27,0.1008052,0.0650869,1.401298E-45,1.401298E-45,0.2302118,0.1536831,0.1143358,0.1147211,4.203895E-45,1.401298E-45,0,0,0,0,0.2569599,0.1714211,0,0,0.6456504,0.6501703,0.02693522,7.22326E-10,0.01086564,3.829131E-05,0.005486825,6.463612E-24,0.6040256,0.5899199,0.01083767,0.02713229,1.401298E-45,5.263734E-26,1.401298E-45,7.927868E-26,3.402046E-31,4.205316E-28,4.649969E-28,3.807425E-28,0.1849029,0.2120764,0.06415018,0.01086564,0.03795256,0.007464604,2.042845E-34,6.640184E-34,0.02045797,7.567786E-12,7.567807E-12,6.973016E-28,3.88448E-32,7.522979E-28,0.005524705,0.4113261,0.4102304,0.3555142,0.3500969,0.009952381,0.01475099,Sad
0.1793094,0.1222276,1.630791E-33,2.08204E-33,0.1125013,0.08560035,1.401298E-45,1.401298E-45,0.01086564,0.009316248,2.557109E-33,1.469499E-34,0.07659557,0.06408644,0,0,0,0,0.1714169,0.08494016,0.2389256,0.2401434,0.1161326,0.1038031,0.01086564,0.002372591,0.002433225,1.33916E-36,0.5324947,0.554876,0.1388797,0.1170972,3.973878E-33,1.039978E-31,5.086433E-41,1.713129E-07,1.401298E-45,1.712593E-07,1.548345E-33,1.257726E-33,0.0102262,0.002392614,0.01086564,0.02716406,9.978809E-28,5.917415E-34,1.652558E-27,6.654276E-33,0.02282304,0.01489177,0.02181987,1.425909E-30,1.950541E-30,1.401298E-45,3.285836E-28,1.401298E-45,1.401298E-45,0.0006788928,2.516614E-08,0.005317938,0.05831847,1.804501E-31,1.528247E-11,Mad
2.707829E-05,2.869366E-05,1.401298E-45,1.401298E-45,0.2533704,0.2355607,1.401298E-45,1.401298E-45,3.456163E-23,0.06519829,0.2768264,0.2805352,1.574552E-11,1.1121E-11,0,0,0,0,0.2138834,0.1281609,0.05640842,0.05679189,0.0003302878,0.02720253,0.06578221,1.323701E-36,0.01086564,0.01086564,0.3143996,0.1423618,0.03694249,0.0271641,0.1534155,0.1757936,1.401298E-45,1.793477E-36,1.401298E-45,2.675156E-36,1.401298E-45,1.401298E-45,1.801124E-27,2.008222E-36,0.475407,0.5134571,0.1795246,0.129637,0.1538972,0.1032481,1.581614E-37,5.695769E-37,0.02826588,0.5294297,0.5464731,1.444431E-20,4.86206E-24,2.958784E-07,3.03955E-11,0.1045777,0.09886302,0.06781281,0.1435335,0.3144325,0.3437213,Anxious
1.582169E-10,0.05774878,5.552546E-33,1.649765E-34,0.2513097,0.2202886,7.026211E-28,1.401298E-45,3.850757E-22,0.01086564,0.09417556,0.09461939,9.964934E-15,2.73915E-35,0,0,0,0,0.2648264,0.1794315,0.06713594,0.06772839,0.01504226,0.01382063,0.01119605,1.955252E-27,4.690843E-10,4.996689E-30,0.1701018,0.001109781,0.01086564,0.01084953,0.1316549,0.131665,1.401298E-45,1.120084E-37,1.401298E-45,1.69103E-27,1.401298E-45,1.401298E-45,1.129532E-25,1.129981E-25,0.02153771,0.01366278,0.1302748,0.1201493,0.09286474,0.09302738,1.59318E-25,1.130006E-25,0.03370488,1.088428E-32,2.247924E-32,0.01079627,1.401298E-45,2.195026E-22,1.401298E-45,0.0002861423,0.01823904,0.0793656,0.1306491,0.09425812,0.07610992,Happy
0.2338212,0.2749674,0.03802975,0.03872387,0.1015973,0.07596745,1.401298E-45,1.401298E-45,0.6399642,0.6158091,1.67633E-28,1.401298E-45,1.909945E-22,2.342216E-35,0,0,0,0,0.1965222,0.1106509,0.09222247,0.09278557,0.1288995,0.113848,0.003218001,0.09343403,0.07691503,0.2788117,0.2659033,0.128586,0.6697947,0.6438282,2.802597E-45,1.401298E-45,0.405727,0.1984608,0.4057122,0.214857,1.401298E-45,1.401298E-45,0.1032405,0.1296274,0.08222343,0.07605223,1.401298E-45,0.02716411,0.00334681,0.01086564,0.3450672,0.3198926,0.02698818,0.001378526,1.401298E-45,4.079809E-21,5.246355E-27,3.141024E-25,1.06241E-06,0.008298967,0.03750933,0.1395977,0.1668629,1.431071E-21,1.23597E-19,Sad
2.182226E-05,0.0002234142,1.401298E-45,1.589032E-37,0.2007618,0.1723782,1.401298E-45,1.401298E-45,0.01086564,0.428233,0.3115336,0.3237064,0.2044891,0.0617255,0,0,0,0,0.2397904,0.1519726,0.4740545,0.477749,2.924917E-17,2.591316E-17,0.1579141,3.656079E-14,0.01085733,0.01086564,0.4278395,0.2781102,0.04452563,0.03891201,0.06519391,0.05434733,1.401298E-45,6.229427E-31,1.401298E-45,2.555758E-26,3.3865E-30,4.11143E-30,0.01047175,1.600362E-26,0.2701246,0.320118,0.2124521,0.2198568,0.2118961,0.1837744,1.743739E-26,2.240411E-26,0.01843384,0.4273611,0.4399125,0.01086564,6.498496E-25,0.6919755,0.670765,0.003492648,0.0006043067,0.1441788,0.2808423,0.7821336,0.7754029,Mad

